symbol,name,bear_delta,best_rank,end_rank,start_rank,snapshots,gap_to_best
币安人生,币安人生,119,65,94,189,148,29
STABLE,Stable,96,54,77,154,158,23
LUNC,Terra Classic,75,84,120,118,239,36
KITE,Kite,72,77,108,197,163,31
VELVET,Velvet,59,68,104,128,61,36
B,BUILDon,57,92,152,126,179,60
DEXE,DeXe,50,22,166,109,239,144
AKT,Akash Network,46,72,138,82,233,66
MX,MX Token,45,132,153,165,231,21
GNO,Gnosis,41,83,115,99,239,32
GRASS,Grass,40,97,154,120,153,57
SYN,Synapse,36,157,192,193,15,35
DCR,Decred,35,79,112,196,209,33
GLM,Golem,29,132,180,147,239,48
NFT,APENFT,29,96,134,152,239,38
SUN,Sun [New],28,89,111,147,200,22
JTO,Jito,25,79,117,164,239,38
STG,Stargate Finance,24,85,168,192,53,83
BEAT,Audiera,21,34,196,77,99,162
CFG,Centrifuge,21,150,198,199,113,48
SFP,SafePal,21,129,171,184,236,42
GWEI,ETHGas,18,99,191,142,55,92
AXS,Axie Infinity,18,73,139,78,239,66
AWE,AWE,18,147,183,192,151,36
BSV,Bitcoin SV,17,66,99,74,239,33
KAITO,KAITO,14,95,198,145,150,103
RIF,Rootstock Infrastructure Framework,14,150,200,199,60,50
ZBCN,Zebec Network,14,99,128,159,188,29
FF,Falcon Finance,14,84,104,140,169,20
VIRTUAL,Virtuals Protocol,12,37,91,81,212,54
BTT,BitTorrent [New],12,68,105,80,239,37
BAT,Basic Attention Token,10,109,165,188,237,56
HOME,Defi App,8,132,192,200,35,60
WEMIX,WEMIX,7,111,200,150,224,89
SKYAI,SKYAI,6,86,200,168,60,114
TAG,Tagger,6,140,199,174,102,59
COW,CoW Protocol,6,166,197,198,69,31
BANANAS31,Banana For Scale,5,165,199,193,78,34
XCN,Onyxcoin,4,85,147,188,206,62
ZRX,0x Protocol,4,158,192,160,126,34
CHZ,Chiliz,3,73,151,73,239,78
PI,Pi,3,11,69,11,199,58
VELO,Velo,3,168,200,168,28,32
GT,GateToken,3,32,60,107,239,28
DYDX,dYdX,1,76,186,79,231,110
