symbol,name,first_date,last_date,snapshots,start_rank,end_rank,best_rank,worst_rank,avg_mcap_usd,current_mcap_usd,current_fdv_usd,current_mc_fdv,max_supply,circulating_supply,rank_delta,is_capped,actual_last_seen,days_since_last_seen,is_stale,rank_range
BTC,Bitcoin,2024-06-02,2026-10-07,240,1,1,1,1,1550906425016.6545,1688945093646.0925,1765036049905.527,0.956889857142857,21000000.0,20094687.0,0,True,2026-10-07,0,False,0
ETH,Ethereum,2024-06-02,2026-10-07,240,2,2,2,2,294792368661.998,319383411632.0121,319383411632.0121,1.0,,122113300.64452891,0,False,2026-10-07,0,False,0
BNB,BNB,2024-06-02,2026-10-07,240,4,4,3,6,91661430469.67519,102999283158.29022,102999283158.29024,0.9999999999999999,133158916.9,133158916.9,0,True,2026-10-07,0,False,3
SOL,Solana,2024-06-02,2026-10-07,240,5,7,4,7,63054533800.22914,69846876721.66122,69846876721.66122,1.0,,589094661.7516692,-2,False,2026-10-07,0,False,3
XRP,XRP,2024-06-02,2026-10-07,240,7,5,3,8,90011507261.46756,92768846530.43498,147035141601.94662,0.63092975951,100000000000.0,63092975951.0,2,True,2026-10-07,0,False,5
DOGE,Dogecoin,2024-06-02,2026-10-07,240,8,11,6,11,19495428024.953255,15615193647.209398,15615193647.209398,1.0,,171934513126.57907,-3,False,2026-10-07,0,False,5
LINK,Chainlink,2024-06-02,2026-10-07,240,13,13,11,18,8344608479.635312,10261633062.375637,13716927507.09178,0.748099970424884,1000000000.0,748099970.424884,0,True,2026-10-07,0,False,7
TRX,TRON,2024-06-02,2026-10-07,240,15,8,8,15,27994077283.793842,31643192792.109047,31643192792.109047,1.0,,94985887061.35728,7,False,2026-10-07,0,False,7
GRAM,Gram (prev. Toncoin),2026-06-17,2026-10-07,113,21,28,19,28,4055702270.231724,4154770216.5569367,4154770216.5569367,1.0,,2820851382.6962953,-7,False,2026-10-07,0,False,9
ADA,Cardano,2024-06-02,2026-10-07,240,10,14,8,18,12778242407.437984,9463080319.396898,11572541543.61536,0.817718414207615,45000000000.0,36797328639.34268,-4,True,2026-10-07,0,False,10
LTC,Litecoin,2024-06-02,2026-10-07,240,19,19,15,25,4976406768.754685,5247976636.197779,5674104072.690546,0.9248996086371207,84000000.0,77691567.12551814,0,True,2026-10-07,0,False,10
LEO,UNUS SED LEO,2024-06-02,2026-10-07,240,23,15,11,24,8319714064.67866,8164641180.800923,8164641180.800923,1.0,,919857851.9,8,False,2026-10-07,0,False,13
ASTER,Aster,2025-09-21,2026-10-07,172,48,46,35,48,1823627830.0133696,1926770946.2140205,5699390551.59572,0.3380661368564331,8000000000.0,2704529094.851465,2,True,2026-10-07,0,False,13
BCH,Bitcoin Cash,2024-06-02,2026-10-07,240,16,18,10,24,6642893548.177444,6164269430.309961,6440435696.3277645,0.9571199404761903,21000000.0,20099518.75,-2,True,2026-10-07,0,False,14
GOMINING,GoМining,2026-06-25,2026-10-07,105,165,158,150,169,128119979.74145682,159555727.15171894,159589794.49820772,0.9997865317980019,402942408.6324701,402856393.2409905,7,True,2026-10-07,0,False,19
HYPE,Hyperliquid,2024-12-22,2026-10-07,211,22,9,9,28,15141614992.065788,22766359442.899776,86403149883.27773,0.26348992454158116,951009654.0055337,250581461.97223327,13,True,2026-10-07,0,False,19
OKB,OKB,2024-06-02,2026-10-07,240,40,38,29,50,2292342079.4197564,2802266587.8994145,2802266587.899415,0.9999999999999998,21000000.0,21000000.0,2,True,2026-10-07,0,False,21
AVAX,Avalanche,2024-06-02,2026-10-07,240,12,21,10,32,5857452425.097338,4992046410.2709465,8060462160.938972,0.6193250846660407,715748719.0,443281135.9942852,-9,True,2026-10-07,0,False,22
SHIB,Shiba Inu,2024-06-02,2026-10-07,240,11,30,10,33,5096197439.045171,3269616311.2507606,3271359438.2412868,0.9994671551618115,589552695333683.0,589238555223134.2,-19,True,2026-10-07,0,False,23
TON,Toncoin,2024-06-02,2026-06-16,127,9,19,8,31,8400335192.817236,4524924020.466523,4524924020.466523,1.0,,2685305766.9653893,-10,False,2026-06-16,113,True,23
CC,Canton,2025-11-16,2026-10-07,164,29,23,13,36,5014421063.624138,4748468299.502319,4748468299.502319,1.0,,39783182682.56558,6,False,2026-10-07,0,False,23
YZY,YZY MONEY,2026-02-01,2026-08-17,88,199,176,176,200,90472438.65538876,88932410.76922671,293529948.94070023,0.302975594450136,1000000000.0,302975594.450136,23,True,2026-08-17,51,True,24
XLM,Stellar,2024-06-02,2026-10-07,240,36,16,12,38,7011811164.870874,7224667959.989863,10309676859.15759,0.7007657037836775,50001806812.0,35039551341.06666,20,True,2026-10-07,0,False,26
WLFI,World Liberty Financial,2025-09-07,2026-10-07,174,26,50,25,51,2185758362.905915,1745212287.93043,5491828846.298654,0.31778344459999996,100000000000.0,31778344460.0,-24,True,2026-10-07,0,False,26
MNT,Mantle,2024-06-02,2026-10-07,240,35,47,21,48,2258592472.6680408,1916526008.478197,3609772920.167437,0.5309270280606183,6219316795.0,3302003382.53684,-12,True,2026-10-07,0,False,27
CRO,Cronos,2024-06-02,2026-10-07,240,37,31,18,45,3068362365.0138865,3202140641.992908,6463987037.274347,0.49538166204973494,100000000000.0,49538166204.97349,6,True,2026-10-07,0,False,27
TAO,Bittensor,2024-06-02,2026-10-07,240,44,29,22,49,2792075110.116905,3476233177.570407,6297331345.944294,0.5520168761342413,21000000.0,11592354.39881907,15,True,2026-10-07,0,False,27
SKY,Sky,2025-06-01,2026-10-07,188,57,43,39,66,1491176853.4464722,2026020537.1998541,2029022079.7971582,0.9985206949558656,23462665147.0,23427956708.099205,14,True,2026-10-07,0,False,27
UNI,Uniswap,2024-06-02,2026-10-07,240,21,20,17,46,3617725898.647454,5119140139.878745,5119140139.878745,1.0,1000000000.0,625110422.4829454,1,True,2026-10-07,0,False,29
ICP,Internet Computer,2024-06-02,2026-10-07,240,22,49,22,53,2072181621.6132934,1801385257.3265748,1801385257.3265748,1.0,,557270961.0956345,-27,False,2026-10-07,0,False,31
NEAR,NEAR Protocol,2024-06-02,2026-10-07,240,17,17,17,48,3424443103.2758956,6771285176.750863,6771285176.750863,1.0,,1308317155.0,0,False,2026-10-07,0,False,31
ETC,Ethereum Classic,2024-06-02,2026-10-07,240,25,56,25,57,1845362910.7104561,1345813083.6772199,1787121921.6845808,0.7530617062816993,210700000.0,158670101.51355404,-31,True,2026-10-07,0,False,32
ALGO,Algorand,2024-06-02,2026-10-07,240,65,65,36,70,1176486433.0367389,1085064604.1624973,1197156404.6753857,0.9063682906635055,10000000000.0,9063682906.635056,0,True,2026-10-07,0,False,34
DOT,Polkadot,2024-06-02,2026-10-07,240,14,45,14,49,3608498641.793924,1927288016.7794397,2372087895.2263646,0.8124859203817663,2100000000.0,1706220432.8017092,-31,True,2026-10-07,0,False,35
GAS,Gas,2024-07-14,2026-09-27,103,192,200,165,200,170560013.07013196,98082497.09326348,98082497.09326348,1.0,,64992331.0,-8,False,2026-09-27,10,False,35
HBAR,Hedera,2024-06-02,2026-10-07,240,28,27,12,49,4602774613.199149,4219672827.796362,4795327542.524482,0.8799550792676263,50000000000.0,43997753963.38131,1,True,2026-10-07,0,False,37
POL,POL (ex-MATIC),2024-09-08,2026-10-07,226,33,63,27,66,1455189176.5431323,1097445599.3783593,1097445599.3783593,1.0,,10627481643.702335,-30,False,2026-10-07,0,False,39
COMP,Compound,2024-06-02,2026-10-07,240,148,131,112,151,274917529.59282285,233221708.2302047,233221708.2302047,1.0,10000000.0,9999999.99995246,17,True,2026-10-07,0,False,39
XMR,Monero,2024-06-02,2026-10-07,240,41,12,12,51,6550917436.155496,10628665450.50691,10628665450.50691,1.0,,18814393.81842976,29,False,2026-10-07,0,False,39
SUI,Sui,2024-06-02,2026-10-07,240,46,24,11,50,5084249066.365116,4686504042.883359,11379786982.102028,0.4118270447640389,10000000000.0,4118270447.6403894,22,True,2026-10-07,0,False,39
ATOM,Cosmos,2024-06-02,2026-10-07,240,31,70,31,70,1252150081.0482023,911989190.5112609,911989190.5112609,1.0,,534450728.272211,-39,False,2026-10-07,0,False,39
PEPE,Pepe,2024-06-02,2026-10-07,240,20,51,15,55,2448853919.1031613,1715004602.3869743,1715004602.3869743,1.0,413772355107943.94,413772355107943.94,-31,True,2026-10-07,0,False,40
AAVE,Aave,2024-06-02,2026-10-07,240,64,39,27,67,2153451891.7573485,2724796102.0905495,2724796102.0905495,1.0,16000000.0,15435519.24932374,25,True,2026-10-07,0,False,40
BGB,Bitget Token,2024-06-02,2026-10-07,240,59,54,20,60,2203387952.8246007,1390428716.0735376,1827425586.5864863,0.7608674882739106,919992035.98,699992029.6481038,5,True,2026-10-07,0,False,40
KCS,KuCoin Token,2024-06-02,2026-10-07,240,88,66,47,88,1111517705.1970563,1065176406.777891,1525439467.9617581,0.6982751063869775,200000000.0,139655021.2773955,22,True,2026-10-07,0,False,41
ZRX,0x Protocol,2024-06-02,2026-10-07,127,160,193,158,200,195184577.86150926,103350657.97729258,121818807.96916671,0.8483965628973438,1000000000.0,848396562.8973439,-33,True,2026-10-07,0,False,42
ONDO,Ondo,2024-06-02,2026-10-07,240,58,42,28,72,1922956512.3172197,2298851399.23805,4721082969.90342,0.4869330646999999,10000000000.0,4869330647.0,16,True,2026-10-07,0,False,44
RENDER,Render,2024-07-28,2026-10-07,232,34,64,29,73,1292887485.8804998,1091296898.6692386,1355072411.2809465,0.8053421275381427,644168762.0,518776241.2826915,-30,True,2026-10-07,0,False,44
KAS,Kaspa,2024-06-02,2026-10-07,240,29,59,21,66,1529419035.4314725,1158208510.235219,1198347102.2539966,0.9665050368601217,28704026601.0,27742586288.033424,-30,True,2026-10-07,0,False,45
PLUME,Plume,2025-06-08,2026-10-07,80,173,186,154,200,124538016.54173157,117951739.51677269,178548593.92215785,0.6606142167,10000000000.0,6606142167.0,-13,True,2026-10-07,0,False,46
